19900102,0
19900103,-0.002589
19900104,-0.00865
19900105,-0.009804
19900108,0.004504
19900109,-0.011857
19900110,-0.006629
19900111,0.003507
19900112,-0.024985
19900115,-0.008657
19900116,0.011066
19900117,-0.00988
19900118,0.002339
19900119,0.002835
19900122,-0.026199
19900123,0.003716
19900124,-0.004079
19900125,-0.012737
19900126,-0.000859
19900129,-0.001843
19900130,-0.00685
19900131,0.01871
19900201,-0.000882
19900202,0.006457
19900205,0.002806
19900206,-0.006621
19900207,0.01233
19900208,-0.00237
19900209,0.00198
19900212,-0.010668
19900213,0.002844
19900214,0.002986
19900215,0.008637
19900216,-0.006501
19900220,-0.014318
19900221,-0.000976
19900222,-0.00603
19900223,-0.00477
19900226,0.013848
19900227,0.004826
19900228,0.004923
19900301,0.002558
19900302,0.00838
19900305,-0.005379
19900306,0.012477
19900307,-0.002904
19900308,0.009805
19900309,-0.006901
19900312,0.002187
19900313,-0.007915
19900314,0.002586
19900315,0.003556
19900316,0.011295
19900319,0.004727
19900320,-0.005722
19900321,-0.005372
19900322,-0.011993
19900323,0.004547
19900326,0.001215
19900327,0.011397
19900328,0.001463
19900329,-0.003544
19900330,-0.002497
19900402,-0.003654
19900403,0.01448
19900404,-0.007448
19900405,-0.001056
19900406,-0.001909
19900409,0.003786
19900410,0.002048
19900411,-0.000439
19900412,0.007053
19900416,0.001161
19900417,-0.000174
19900418,-0.011555
19900419,-0.007749
19900420,-0.008823
19900423,-0.012219
19900424,-0.002086
19900425,0.005042
19900426,0.002677
19900427,-0.01151
19900430,0.005122
19900501,0.004374
19900502,0.006689
19900503,0.003253
19900504,0.008368
19900507,0.006304
19900508,0.004337
19900509,0.002482
19900510,0.002796
19900511,0.023513
19900514,0.007782
19900515,-0.001326
19900516,-0.000791
19900517,0.001327
19900518,0.000479
19900521,0.00943
19900522,0.0012
19900523,0.002396
19900524,-0.002452
19900525,-0.010744
19900529,0.016974
19900530,0.000582
19900531,0.001025
19900601,0.005329
19900604,0.011608
19900605,-0.002071
19900606,-0.004593
19900607,-0.004972
19900608,-0.012302
19900611,0.008107
19900612,0.012695
19900613,-0.003693
19900614,-0.005496
19900615,0.000028
19900618,-0.016755
19900619,0.004445
19900620,0.001756
19900621,0.003808
19900622,-0.01408
19900625,-0.008817
19900626,-0.00071
19900627,0.00871
19900628,0.006987
19900629,0.00109
19900702,0.004237
19900703,0.001723
19900705,-0.012517
19900706,0.007674
19900709,0.003064
19900710,-0.008464
19900711,0.013209
19900712,0.011587
19900713,0.005104
19900716,0.004455
19900717,-0.003883
19900718,-0.00902
19900719,0.003016
19900720,-0.010207
19900723,-0.017576
19900724,0.00135
19900725,0.003647
19900726,-0.00331
19900727,-0.006964
19900730,0.005952
19900731,0.001686
19900801,-0.00177
19900802,-0.011429
19900803,-0.019014
19900806,-0.030711
19900807,0.001195
19900808,0.010458
19900809,0.004688
19900810,-0.013088
19900813,0.009846
19900814,0.001622
19900815,0.001972
19900816,-0.022813
19900817,-0.013814
19900820,0.002072
19900821,-0.020451
19900822,-0.016635
19900823,-0.030438
19900824,0.014388
19900827,0.031379
19900828,-0.000311
19900829,0.00883
19900830,-0.017048
19900831,0.012008
19900904,0.001642
19900905,0.004016
19900906,-0.012189
19900907,0.009132
19900910,-0.005488
19900911,-0.001836
19900912,0.004661
19900913,-0.012134
19900914,-0.005728
19900917,0.002962
19900918,0.002609
19900919,-0.006297
19900920,-0.016304
19900921,-0.000514
19900924,-0.021855
19900925,0.011977
19900926,-0.010435
19900927,-0.013498
19900928,0.016738
19901001,0.028634
19901002,0.000857
19901003,-0.012161
19901004,0.004134
19901005,-0.003813
19901008,0.006336
19901009,-0.027096
19901010,-0.015558
19901011,-0.016548
19901012,0.015349
19901015,0.010609
19901016,-0.014316
19901017,-0.000535
19901018,0.023094
19901019,0.021805
19901022,0.00727
19901023,-0.007654
19901024,0.000768
19901025,-0.007804
19901026,-0.01776
19901029,-0.009331
19901030,0.007195
19901031,-0.000197
19901101,0.009885
19901102,0.015609
19901105,0.008748
19901106,-0.009486
19901107,-0.018167
19901108,0.005215
19901109,0.019732
19901112,0.01813
19901113,-0.005682
19901114,0.008557
19901115,-0.010605
19901116,0.000315
19901119,0.006976
19901120,-0.0127
19901121,0.002281
19901123,-0.002947
19901126,0.004465
19901127,0.005011
19901128,-0.000472
19901129,-0.004824
19901130,0.018164
19901203,0.005818
19901204,0.006918
19901205,0.01088
19901206,-0.00258
19901207,-0.004019
19901210,0.003472
19901211,-0.007477
19901212,0.011422
19901213,-0.002578
19901214,-0.007681
19901217,-0.002451
19901218,0.012285
19901219,0.000454
19901220,-0.000242
19901221,0.004925
19901224,-0.005592
19901226,0.002876
19901227,-0.007768
19901228,0.001309
19901231,0.004553
19910102,-0.011482
19910103,-0.014005
19910104,-0.002831
19910107,-0.017473
19910108,-0.001713
19910109,-0.010888
19910110,0.009712
19910111,0.002223
19910114,-0.00873
19910115,0.00396
19910116,0.007747
19910117,0.036642
19910118,0.012905
19910121,-0.003528
19910122,-0.008341
19910123,0.005771
19910124,0.013745
19910125,0.003846
19910128,-0.000119
19910129,-0.000566
19910130,0.014984
19910131,0.00882
19910201,-0.002562
19910204,0.015303
19910205,0.008348
19910206,0.019202
19910207,-0.004338
19910208,0.007907
19910211,0.025361
19910212,-0.008392
19910213,0.009585
19910214,-0.013093
19910215,0.013201
19910219,0.000894
19910220,-0.011572
19910221,-0.000466
19910222,0.001861
19910225,0.004393
19910226,-0.012191
19910227,0.013497
19910228,-0.001824
19910301,0.00922
19910304,-0.003082
19910305,0.019812
19910306,-0.001461
19910307,-0.000691
19910308,-0.002557
19910311,-0.005322
19910312,-0.007887
19910313,0.012195
19910314,-0.002861
19910315,0.000241
19910318,-0.003969
19910319,-0.014945
19910320,0.003621
19910321,-0.003649
19910322,0.002452
19910325,0.006375
19910326,0.017343
19910327,-0.002528
19910328,-0.000346
19910401,-0.010502
19910402,0.021844
19910403,-0.001477
19910404,0.002188
19910405,-0.01168
19910408,0.008753
19910409,-0.01356
19910410,-0.001098
19910411,0.011934
19910412,0.007308
19910415,0.002075
19910416,0.016728
19910417,0.007274
19910418,-0.00511
19910419,-0.011027
19910422,-0.008495
19910423,0.002124
19910424,0.002616
19910425,-0.009213
19910426,-0.000607
19910429,-0.014243
19910430,0.004486
19910501,0.013102
19910502,0.000605
19910503,0.000736
19910506,-0.001893
19910507,-0.007288
19910508,0.003149
19910509,0.012445
19910510,-0.01979
19910513,0.002711
19910514,-0.013737
19910515,-0.008241
19910516,0.009774
19910517,0.000537
19910520,-0.000295
19910521,0.008213
19910522,0.002235
19910523,-0.003275
19910524,0.006725
19910528,0.011719
19910529,0.002223
19910530,0.010835
19910531,0.007389
19910603,-0.004551
19910604,-0.000825
19910605,-0.006858
19910606,-0.003799
19910607,-0.011008
19910610,-0.002269
19910611,0.00653
19910612,-0.011614
19910613,0.002599
19910614,0.012265
19910617,-0.005666
19910618,-0.004059
19910619,-0.009288
19910620,0.000879
19910621,0.006187
19910624,-0.018192
19910625,-0.000782
19910626,0.002533
19910627,0.007534
19910628,-0.008692
19910701,0.018049
19910702,-0.001191
19910703,-0.011028
19910705,0.002007
19910708,0.010266
19910709,-0.004854
19910710,-0.000984
19910711,0.003268
19910712,0.008663
19910715,0.005612
19910716,-0.002225
19910717,-0.000944
19910718,0.010932
19910719,-0.002989
19910722,-0.003494
19910723,-0.009078
19910724,-0.002058
19910725,0.006108
19910726,-0.000079
19910729,0.005811
19910730,0.009197
19910731,0.002892
19910801,-0.001781
19910802,0.000155
19910805,-0.005491
19910806,0.014336
19910807,-0.000154
19910808,-0.00318
19910809,-0.005667
19910812,0.002322
19910813,0.004115
19910814,0.000718
19910815,-0.001463
19910816,-0.009679
19910819,-0.02391
19910820,0.007832
19910821,0.028988
19910822,0.001893
19910823,0.007231
19910826,-0.000812
19910827,-0.002008
19910828,0.009067
19910829,-0.000429
19910830,-0.002627
19910903,-0.008329
19910904,-0.005575
19910905,-0.002131
19910906,-0.000103
19910909,-0.001363
19910910,-0.010374
19910911,0.001377
19910912,0.005826
19910913,-0.009729
19910916,0.005693
19910917,-0.000726
19910918,0.003728
19910919,0.001601
19910920,0.000928
19910923,-0.005169
19910924,0.004628
19910925,-0.002143
19910926,-0.001009
19910927,-0.001528
19910930,0.005066
19911001,0.003449
19911002,-0.002418
19911003,-0.009809
19911004,-0.00841
19911007,-0.004601
19911008,0.003078
19911009,-0.010218
19911010,0.009903
19911011,0.002362
19911014,0.013074
19911015,0.011679
19911016,0.004567
19911017,-0.002243
19911018,0.001479
19911021,-0.006339
19911022,-0.005631
19911023,0.000284
19911024,-0.007426
19911025,-0.002262
19911028,0.013752
19911029,0.005019
19911030,0.003773
19911031,-0.001299
19911101,-0.002884
19911104,-0.002661
19911105,-0.004031
19911106,0.003236
19911107,0.00957
19911108,-0.00211
19911111,0.000585
19911112,0.009166
19911113,0.001687
19911114,-0.000654
19911115,-0.037272
19911118,0.006824
19911119,-0.015223
19911120,-0.002348
19911121,0.004034
19911122,-0.010368
19911125,-0.002129
19911126,0.006956
19911127,-0.003738
19911129,-0.003538
19911202,0.016336
19911203,-0.001154
19911204,-0.002339
19911205,-0.007076
19911206,0.004521
19911209,-0.002218
19911210,-0.000952
19911211,-0.000529
19911212,0.010142
19911213,0.007624
19911216,-0.000026
19911217,-0.004484
19911218,0.001932
19911219,-0.002507
19911220,0.011747
19911223,0.024955
19911224,0.006305
19911226,0.013704
19911227,0.003994
19911230,0.02113
19911231,0.004686
19920102,0.000408
19920103,0.004973
19920106,-0.003296
19920107,-0.001341
19920108,0.001676
19920109,-0.001173
19920110,-0.006029
19920113,-0.001833
19920114,0.014615
19920115,0.000785
19920116,-0.006103
19920117,0.001553
19920120,-0.005986
19920121,-0.008975
19920122,0.013217
19920123,-0.00761
19920124,0.001252
19920127,-0.00118
19920128,-0.000072
19920129,-0.011196
19920130,0.003115
19920131,-0.006923
19920203,0.001833
19920204,0.010493
19920205,-0.000024
19920206,-0.000048
19920207,-0.006619
19920210,0.006498
19920211,-0.000024
19920212,0.008112
19920213,-0.008281
19920214,-0.002929
19920218,-0.012441
19920219,0.002158
19920220,0.01372
19920221,-0.005986
19920224,0.00204
19920225,-0.004424
19920226,0.011867
19920227,-0.003594
19920228,-0.002807
19920302,-0.000606
19920303,0.000969
19920304,-0.008563
19920305,-0.006913
19920306,-0.005105
19920309,0.001902
19920310,0.004137
19920311,-0.007054
19920312,-0.000347
19920313,0.004816
19920316,0.001354
19920317,0.007819
19920318,-0.00105
19920319,0.001587
19920320,0.003654
19920323,-0.003385
19920324,-0.002516
19920325,-0.003332
19920326,0.000834
19920327,-0.010747
19920330,-0.00124
19920331,0.001711
19920401,0.001337
19920402,-0.00927
19920403,0.002618
19920406,0.010011
19920407,-0.01874
19920408,-0.008984
19920409,0.015444
19920410,0.009069
19920413,0.004418
19920414,0.015419
19920415,0.009389
19920416,-0.000577
19920420,-0.014185
19920421,0.000195
19920422,-0.001097
19920423,0.004358
19920424,-0.006288
19920427,-0.001395
19920428,0.001615
19920429,0.007088
19920430,0.007086
19920501,-0.005849
19920504,0.010561
19920505,-0.000168
19920506,-0.00012
19920507,-0.002258
19920508,0.000481
19920511,0.005848
19920512,-0.005271
19920513,0.000384
19920514,-0.00798
19920515,-0.00741
19920518,0.006611
19920519,0.008587
19920520,-0.002356
19920521,-0.006739
19920522,0.003436
19920526,-0.006324
19920527,0.001846
19920528,0.011027
19920529,-0.003341
19920601,0.004684
19920602,-0.009148
19920603,0.002633
19920604,-0.003213
19920605,0.000532
19920608,-0.00029
19920609,-0.008015
19920610,-0.006876
19920611,0.00441
19920612,0.001734
19920615,0.001293
19920616,-0.004813
19920617,-0.014953
19920618,-0.003237
19920619,0.006736
19920622,-0.000669
19920623,0.001585
19920624,-0.000495
19920625,-0.001784
19920626,0.000818
19920629,0.013516
19920630,-0.001958
19920701,0.011547
19920702,-0.002692
19920706,0.005014
19920707,-0.011373
19920708,0.002734
19920709,0.009582
19920710,0.000941
19920713,0.000603
19920714,0.00675
19920715,-0.00139
19920716,0.001054
19920717,-0.004609
19920720,-0.004509
19920721,0.000024
19920722,-0.006863
19920723,0.002795
19920724,-0.001166
19920727,-0.000146
19920728,0.014426
19920729,0.011218
19920730,0.003995
19920731,0.000684
19920803,0.002072
19920804,-0.001719
19920805,-0.005127
19920806,-0.003797
19920807,-0.004074
19920810,0.001288
19920811,-0.001241
19920812,-0.002677
19920813,-0.00012
19920814,0.005205
19920817,0.001975
19920818,0.001425
19920819,-0.007504
19920820,0.000167
19920821,-0.008186
19920824,-0.010005
19920825,0.002165
19920826,0.004605
19920827,0.000048
19920828,0.003163
19920831,-0.001954
19920901,0.004915
19920902,0.00458
19920903,0
19920904,-0.002156
19920908,-0.00635
19920909,0.004622
19920910,0.008585
19920911,-0.000881
19920914,0.01347
19920915,-0.013017
19920916,0.000357
19920917,0.000024
19920918,0.007119
19920921,-0.00187
19920922,-0.011915
19920923,0.000719
19920924,0.002464
19920925,-0.009894
19920928,0.005464
19920929,0.000432
19920930,0.002396
19921001,-0.003621
19921002,-0.014079
19921005,-0.00709
19921006,-0.000957
19921007,-0.007222
19921008,0.008621
19921009,-0.012562
19921012,0.011801
19921013,0.004555
19921014,0.000171
19921015,0.000562
19921016,0.005187
19921019,0.007863
19921020,0.001204
19921021,0.000457
19921022,-0.001854
19921023,-0.00193
19921026,0.009757
19921027,0.000789
19921028,0.003911
19921029,0.001736
19921030,-0.005193
19921102,0.009674
19921103,-0.006717
19921104,-0.006714
19921105,0.002945
19921106,-0.001818
19921109,0.002416
19921110,0.000072
19921111,0.008516
19921112,0.001586
19921113,-0.001041
19921116,-0.004151
19921117,-0.003357
19921118,0.008502
19921119,0.001796
19921120,0.007151
19921123,-0.003593
19921124,0.005793
19921125,0.003735
19921127,0.002258
19921130,0.002763
19921201,-0.001322
19921202,-0.002068
19921203,0.000047
19921204,0.004989
19921207,0.007494
19921208,0.003852
19921209,-0.003071
19921210,-0.002321
19921211,-0.002096
19921214,-0.002054
19921215,-0.000624
19921216,-0.00243
19921217,0.00902
19921218,0.013346
19921221,-0.001315
19921222,-0.000885
19921223,-0.002911
19921224,0.001684
19921228,-0.001411
19921229,-0.002668
19921230,0.001916
19921231,-0.007112
19930104,-0.000758
19930105,-0.002392
19930106,0.000414
19930107,-0.008761
19930108,-0.003908
19930111,0.004419
19930112,0.000209
19930113,0.004606
19930114,0.006698
19930115,0.002772
19930118,-0.000709
19930119,-0.003922
19930120,-0.004053
19930121,0.00488
19930122,0.001423
19930125,0.008903
19930126,-0.000136
19930127,-0.004191
19930128,0.001255
19930129,0.000274
19930201,0.008488
19930202,0.000068
19930203,0.010452
19930204,0.005263
19930205,-0.001402
19930208,-0.002409
19930209,-0.005643
19930210,0.002019
19930211,0.0032
19930212,-0.006904
19930216,-0.024293
19930217,-0.001407
19930218,-0.003236
19930219,0.005357
19930222,0.002346
19930223,-0.001011
19930224,0.013864
19930225,0.003329
19930226,0.002348
19930301,-0.003095
19930302,0.013237
19930303,0.003032
19930304,-0.004283
19930305,-0.002753
19930308,0.019094
19930309,-0.000682
19930310,0.004238
19930311,-0.005736
19930312,-0.008611
19930315,0.003551
19930316,-0.000133
19930317,-0.006802
19930318,0.007954
19930319,-0.003791
19930322,-0.002892
19930323,-0.000267
19930324,-0.001539
19930325,0.006252
19930326,-0.006899
19930329,0.006655
19930330,0.002659
19930331,-0.000664
19930401,-0.003038
19930402,-0.019985
19930405,0.002037
19930406,-0.002558
19930407,0.003552
19930408,-0.002012
19930412,0.014671
19930413,0.001894
19930414,-0.001247
19930415,-0.00058
19930416,0.001204
19930419,-0.003302
19930420,-0.005288
19930421,-0.003308
19930422,-0.009444
19930423,-0.005545
19930426,-0.008018
19930427,0.010258
19930428,0.000023
19930429,0.001984
19930430,0.002958
19930503,0.005144
19930504,0.003587
19930505,0.001058
19930506,-0.002839
19930507,-0.002146
19930510,0.001107
19930511,0.003517
19930512,0.00099
19930513,-0.012602
19930514,0.000751
19930517,0.001841
19930518,-0.000114
19930519,0.016331
19930520,0.006725
19930521,-0.010598
19930524,0.004833
19930525,0.001896
19930526,0.010174
19930527,-0.002274
19930528,-0.004919
19930601,0.008053
19930602,0.000044
19930603,-0.003001
19930604,-0.005385
19930607,-0.00528
19930608,-0.006679
19930609,0.002403
19930610,-0.000898
19930611,0.004212
19930614,0.001006
19930615,-0.003222
19930616,0.002596
19930617,0.002478
19930618,-0.010894
19930621,0.005709
19930622,-0.00065
19930623,-0.006163
19930624,0.00771
19930625,0.002192
19930628,0.00945
19930629,-0.002571
19930630,-0.000355
19930701,-0.003357
19930702,-0.007107
19930706,-0.009941
19930707,0.003166
19930708,0.013035
19930709,-0.001182
19930712,0.00194
19930713,-0.001984
19930714,0.004431
19930715,-0.001913
19930716,-0.007754
19930719,0.000628
19930720,0.002866
19930721,-0.000291
19930722,-0.005989
19930723,0.00581
19930726,0.004441
19930727,-0.001895
19930728,-0.002345
19930729,0.006797
19930730,-0.004697
19930802,0.004497
19930803,-0.001957
19930804,-0.001626
19930805,-0.000914
19930806,0.001227
19930809,0.004536
19930810,-0.002822
19930811,0.002245
19930812,-0.003335
19930813,0.002625
19930816,0.004964
19930817,0.001657
19930818,0.006401
19930819,0.000855
19930820,-0.000592
19930823,-0.002041
19930824,0.009924
19930825,0.000783
19930826,0.001976
19930827,-0.001085
19930830,0.002949
19930831,0.003587
19930901,-0.000885
19930902,-0.004002
19930903,0.000087
19930907,-0.006131
19930908,-0.004087
19930909,0.00186
19930910,0.009182
19930913,0.000736
19930914,-0.004686
19930915,0.00369
19930916,-0.004712
19930917,-0.001307
19930920,-0.008272
19930921,-0.004626
19930922,0.00715
19930923,0.00337
19930924,-0.00024
19930927,0.009071
19930928,-0.000585
19930929,-0.003081
19930930,-0.002568
19931001,0.005108
19931004,0.00013
19931005,-0.000304
19931006,-0.000998
19931007,-0.003392
19931008,0.002458
19931011,0.001238
19931012,0.000521
19931013,0.000802
19931014,0.011505
19931015,0.005703
19931018,-0.002239
19931019,-0.004793
19931020,-0.0003
19931021,-0.001525
19931022,-0.004501
19931025,0.002005
19931026,0.000215
19931027,0.000667
19931028,0.006693
19931029,0.000214
19931101,0.002711
19931102,-0.001408
19931103,-0.011638
19931104,-0.012015
19931105,0.004536
19931108,0.001392
19931109,0.000261
19931110,0.007337
19931111,-0.002332
19931112,0.005927
19931115,-0.00353
19931116,0.006427
19931117,-0.004144
19931118,-0.002563
19931119,-0.002203
19931122,-0.007529
19931123,0.00413
19931124,0.002881
19931126,0.001513
19931129,-0.002508
19931130,-0.000238
19931201,0.000217
19931202,0.002638
19931203,0.003836
19931206,0.003307
19931207,0.000707
19931208,-0.001007
19931209,-0.004535
19931210,-0.000539
19931213,0.003808
19931214,-0.005685
19931215,-0.002638
19931216,0.003243
19931217,0.00654
19931220,-0.001137
19931221,-0.001181
19931222,0.004332
19931223,0.000128
19931227,0.006738
19931228,0.00085
19931229,-0.000765
19931230,-0.004131
19931231,-0.004684
19940103,-0.002168
19940104,0.00311
19940105,0.001413
19940106,-0.00092
19940107,0.005934
19940110,0.011363
19940111,-0.002402
19940112,0.000084
19940113,-0.003592
19940114,0.005151
19940117,-0.003396
19940118,0.002005
19940119,0.000105
19940120,0.001433
19940121,-0.000548
19940124,-0.00581
19940125,-0.002227
19940126,0.00483
19940127,0.008103
19940128,0.003453
19940131,0.006061
19940201,-0.004141
19940202,0.00495
19940203,-0.00268
19940204,-0.022936
19940207,0.004142
19940208,-0.001506
19940209,0.003645
19940210,-0.008156
19940211,0.002662
19940214,0.000106
19940215,0.004858
19940216,0.000571
19940217,-0.005195
19940218,-0.00565
19940222,0.008029
19940223,-0.001635
19940224,-0.013755
19940225,0.003891
19940228,0.002293
19940301,-0.005797
19940302,0.000796
19940303,-0.00388
19940304,0.003729
19940307,0.004658
19940308,-0.002208
19940309,0.00253
19940310,-0.006789
19940311,0.00546
19940314,0.002035
19940315,-0.000813
19940316,0.005147
19940317,0.003148
19940318,0.00034
19940321,-0.005364
19940322,0.000555
19940323,-0.000555
19940324,-0.008983
19940325,-0.008152
19940328,-0.00126
19940329,-0.016483
19940330,-0.015434
19940331,0.000494
19940404,-0.015486
19940405,0.021123
19940406,-0.000536
19940407,0.006296
19940408,-0.008419
19940411,0.006176
19940412,-0.005126
19940413,-0.002931
19940414,0.000269
19940415,-0.000448
19940418,-0.008372
19940419,0.000181
19940420,-0.001311
19940421,0.015202
19940422,-0.002454
19940425,0.011285
19940426,-0.001857
19940428,-0.006149
19940429,0.004022
19940502,0.004669
19940503,0.000022
19940504,-0.002896
19940505,-0.000753
19940506,-0.007918
19940509,-0.012358
19940510,0.008308
19940511,-0.010186
19940512,0.005106
19940513,0.000878
19940516,0.000788
19940517,0.010919
19940518,0.009568
19940519,0.006131
19940520,-0.003423
19940523,-0.003788
19940524,0.003546
19940525,0.003358
19940526,0.001577
19940527,0.000591
19940531,-0.001817
19940601,0.002472
19940602,0.000044
19940603,0.005404
19940606,-0.00272
19940607,-0.001461
19940608,-0.002513
19940609,0.001749
19940610,0.001768
19940613,0.000937
19940614,0.007097
19940615,-0.003814
19940616,0.002862
19940617,-0.007562
19940620,-0.006499
19940621,-0.009131
19940622,0.00387
19940623,-0.007666
19940624,-0.015307
19940627,0.010134
19940628,-0.002776
19940629,0.003491
19940630,-0.007535
19940701,0.004335
19940705,0.000381
19940706,-0.000538
19940707,0.005031
19940708,0.002606
19940711,-0.00332
19940712,-0.000246
19940713,0.00174
19940714,0.010375
19940715,0.001653
19940718,0.002331
19940719,-0.002992
19940720,-0.004992
19940721,0.002234
19940722,0.001104
19940725,0.002513
19940726,-0.001961
19940727,-0.001744
19940728,0.003683
19940729,0.008811
19940801,0.005983
19940802,-0.000977
19940803,0.001931
19940804,-0.006632
19940805,-0.002862
19940808,0.001749
19940809,0.000066
19940810,0.005184
19940811,-0.00309
19940812,0.006646
19940815,-0.001538
19940816,0.008162
19940817,0.000344
19940818,-0.004309
19940819,0.001101
19940822,-0.002937
19940823,0.004726
19940824,0.009684
19940825,-0.002028
19940826,0.012146
19940829,0.001666
19940830,0.003114
19940831,-0.001219
19940901,-0.004891
19940902,-0.004618
19940906,0.001845
19940907,-0.001845
19940908,0.004554
19940909,-0.010538
19940912,-0.004217
19940913,0.002785
19940914,0.002755
19940915,0.012738
19940916,-0.007653
19940919,-0.000722
19940920,-0.016035
19940921,-0.004109
19940922,-0.000412
19940923,-0.003475
19940926,0.002499
19940927,0.002666
19940928,0.00602
19940929,-0.005609
19940930,0.001016
19941003,-0.002099
19941004,-0.015606
19941005,-0.002357
19941006,-0.002561
19941007,0.006039
19941010,0.00862
19941011,0.014598
19941012,-0.000687
19941013,0.004972
19941014,0.002796
19941017,-0.000298
19941018,-0.002776
19941019,0.005587
19941020,-0.00732
19941021,-0.004207
19941024,-0.008772
19941025,0.001518
19941026,0.002359
19941027,0.006958
19941028,0.016858
19941031,-0.003002
19941101,-0.008355
19941102,-0.004086
19941103,0.002997
19941104,-0.012105
19941107,0.001707
19941108,0.005556
19941109,-0.000537
19941110,-0.002216
19941111,-0.004359
19941114,0.007949
19941115,-0.00217
19941116,0.001268
19941117,-0.004412
19941118,-0.00454
19941121,-0.006893
19941122,-0.018076
19941123,-0.000356
19941125,0.005232
19941128,0.004126
19941129,0.002221
19941130,-0.003257
19941201,-0.010569
19941202,0.009709
19941205,0.000044
19941206,-0.000463
19941207,-0.004158
19941208,-0.012892
19941209,0.003384
19941212,0.0056
19941213,0.001512
19941214,0.010651
19941215,0.000813
19941216,0.00757
19941219,-0.001942
19941220,-0.00177
19941221,0.005476
19941222,0.000152
19941223,0.000326
19941227,0.005725
19941228,-0.003487
19941229,0.000672
19941230,-0.004128
19950103,-0.000348
19950104,0.003479
19950105,-0.000803
19950106,0.000738
19950109,0.000326
19950110,0.001843
19950111,-0.000043
19950112,-0.000043
19950113,0.009336
19950116,0.007291
19950117,0.001426
19950118,-0.000724
19950119,-0.005893
19950120,-0.004658
19950123,0.002235
19950124,0.000086
19950125,0.003386
19950126,0.001881
19950127,0.00441
19950130,-0.004005
19950131,0.004068
19950201,-0.000043
19950202,0.005068
19950203,0.012318
19950206,0.005189
19950207,-0.000686
19950208,0.00079
19950209,-0.00208
19950210,0.002641
19950213,0.000395
19950214,0.001867
19950215,0.004115
19950216,0.001402
19950217,-0.006721
19950221,0.001555
19950222,0.004856
19950223,0.003786
19950224,0.002461
19950227,-0.008849
19950228,0.007372
19950301,-0.003576
19950302,-0.001071
19950303,0.000598
19950306,0.000433
19950307,-0.007254
19950308,0.002113
19950309,0.000041
19950310,0.01318
19950313,0.00098
19950314,0.005779
19950315,-0.002051
19950316,0.007151
19950317,0.000222
19950320,0.00125
19950321,-0.002159
19950322,0.001211
19950323,0.000565
19950324,0.010071
19950327,0.004441
19950328,0.00139
19950329,-0.001549
19950330,-0.00179
19950331,-0.003011
19950403,0.002274
19950404,0.006732
19950405,0.000653
19950406,0.001008
19950407,0.000672
19950410,0.001164
19950411,-0.002923
19950412,0.003239
19950413,0.004054
19950417,-0.006106
19950418,-0.001503
19950419,-0.000891
19950420,0.000733
19950421,0.006313
19950424,0.008616
19950425,-0.001541
19950426,0.001093
19950427,0.001735
19950428,0.002256
19950501,-0.000875
19950502,0.001166
19950503,0.010856
19950504,0.000115
19950505,-0.000807
19950508,0.007356
19950509,-0.000764
19950510,0.001527
19950511,0.000019
19950512,0.002248
19950515,0.004158
19950516,0.000852
19950517,-0.002123
19950518,-0.014313
19950519,-0.000751
19950522,0.008554
19950523,0.00939
19950524,0.000038
19950525,-0.000038
19950526,-0.00939
19950530,-0.000134
19950531,0.018582
19950601,0.000169
19950602,-0.001839
19950605,0.005786
19950606,-0.000093
19950607,-0.004529
19950608,-0.001464
19950609,-0.008319
19950612,0.005553
19950613,0.009691
19950614,0.000783
19950615,0.001211
19950616,0.005033
19950619,0.009935
19950620,-0.00044
19950621,-0.001837
19950622,0.012949
19950623,-0.002471
19950626,-0.010203
19950627,-0.003129
19950628,0.004231
19950629,-0.00158
19950630,0.001617
19950703,0.004286
19950705,0.000311
19950706,0.012223
19950707,0.004287
19950710,0.001473
19950711,-0.004335
19950712,0.010953
19950713,0.000196
19950714,-0.001981
19950717,0.005042
19950718,-0.007599
19950719,-0.013484
19950720,0.004636
19950721,0.000145
19950724,0.005422
19950725,0.007998
19950726,0.000909
19950727,0.006407
19950728,-0.00406
19950731,-0.001547
19950801,-0.004315
19950802,-0.001502
19950803,-0.000089
19950804,0.00034
19950807,0.001948
19950808,0.000643
19950809,-0.001214
19950810,-0.004046
19950811,-0.004207
19950814,0.008306
19950815,-0.002092
19950816,0.002503
19950817,-0.001662
19950818,0.000304
19950821,-0.001969
19950822,0.002523
19950823,-0.004263
19950824,0.000574
19950825,0.004725
19950828,-0.001876
19950829,0.001698
19950830,0.001642
19950831,0.00171
19950901,0.003482
19950905,0.009409
19950906,0.001755
19950907,0.00021
19950908,0.004182
19950911,0.002145
19950912,0.00452
19950913,0.003912
19950914,0.008328
19950915,-0.000446
19950918,-0.000995
19950919,0.002451
19950920,0.00439
19950921,-0.006446
19950922,-0.002181
19950925,0.000138
19950926,-0.000688
19950927,-0.000637
19950928,0.008278
19950929,-0.002495
19951002,-0.004614
19951003,0.001065
19951004,-0.001495
19951005,0.001993
19951006,-0.00024
19951009,-0.007098
19951010,-0.001471
19951011,0.003354
19951012,0.006262
19951013,0.002398
19951016,-0.002518
19951017,0.006411
19951018,0.001124
19951019,0.00545
19951020,-0.005415
19951023,-0.004094
19951024,0.002526
19951025,-0.006963
19951026,-0.009921
19951027,0.005154
19951030,0.006105
19951031,-0.003005
19951101,0.004667
19951102,0.00937
19951103,0.00144
19951106,-0.003579
19951107,-0.003643
19951108,0.009151
19951109,0.002616
19951110,-0.000911
19951113,-0.000709
19951114,-0.005095
19951115,0.007894
19951116,0.005674
19951117,0.00456
19951120,-0.00538
19951121,0.005664
19951122,-0.00307
19951124,0.00262
19951127,0.002248
19951128,0.008495
19951129,0.00196
19951130,-0.003743
19951201,0.002656
19951204,0.010978
19951205,0.006497
19951206,0.004039
19951207,-0.006487
19951208,0.002124
19951211,0.003298
19951212,-0.001195
19951213,0.004692
19951214,-0.007702
19951215,-0.000941
19951218,-0.015583
19951219,0.008402
19951220,-0.009837
19951221,0.007481
19951222,0.002389
19951226,0.003833
19951227,0.000374
19951228,-0.000667
19951229,0.002943
19960102,0.007763
19960103,0.00095
19960104,-0.005843
19960105,-0.001604
19960108,0.002834
19960109,-0.014676
19960110,-0.018164
19960111,0.00701
19960112,-0.001461
19960115,-0.003312
19960116,0.014269
19960117,-0.003408
19960118,0.003079
19960119,0.005885
19960122,0.002563
19960123,-0.000995
19960124,0.011633
19960125,-0.004737
19960126,0.007411
19960129,0.004174
19960130,0.009455
19960131,0.009272
19960201,0.003829
19960202,-0.004112
19960205,0.008753
19960206,0.00761
19960207,0.005554
19960208,0.009403
19960209,0.000457
19960212,0.00771
19960213,-0.001422
19960214,-0.007492
19960215,-0.006519
19960216,-0.005141
19960220,-0.011377
19960221,0.011562
19960222,0.016466
19960223,0.000334
19960226,-0.013165
19960227,-0.004963
19960228,-0.003855
19960229,-0.006723
19960301,0.006133
19960304,0.009945
19960305,0.007623
19960306,-0.005796
19960307,0.002527
19960308,-0.031312
19960311,0.010239
19960312,-0.004588
19960313,0.002289
19960314,0.003627
19960315,0.000873
19960318,0.017341
19960319,-0.001472
19960320,-0.002627
19960321,-0.001216
19960322,0.0022
19960325,-0.000892
19960326,0.004497
19960327,-0.006237
19960328,0.000046
19960329,-0.005315
19960401,0.012669
19960402,0.002338
19960403,0.000946
19960404,-0.00003
19960408,-0.017876
19960409,-0.003187
19960410,-0.013624
19960411,-0.003669
19960412,0.008723
19960415,0.009037
19960416,0.003899
19960417,-0.00527
19960418,0.003112
19960419,0.002266
19960422,0.004362
19960423,0.005679
19960424,-0.002166
19960425,0.004144
19960426,0.000903
19960429,0.001071
19960430,0.000015
19960501,0.000627
19960502,-0.017258
19960503,-0.002724
19960506,-0.001279
19960507,-0.003987
19960508,0.010148
19960509,0.001039
19960510,0.01025
19960513,0.014343
19960514,0.006164
19960515,-0.00027
19960516,-0.000857
19960517,0.006088
19960520,0.006319
19960521,-0.00058
19960522,0.008378
19960523,-0.003573
19960524,0.003706
19960528,-0.009299
19960529,-0.006417
19960530,0.005628
19960531,-0.003848
19960603,-0.002154
19960604,0.007282
19960605,0.008705
19960606,-0.008006
19960607,0.000416
19960610,-0.001709
19960611,-0.001772
19960612,-0.002881
19960613,-0.001675
19960614,-0.003104
19960617,-0.001037
19960618,-0.004671
19960619,-0.000151
19960620,0.000211
19960621,0.007134
19960624,0.00301
19960625,-0.000553
19960626,-0.006137
19960627,0.006242
19960628,0.003106
19960701,0.007798
19960702,-0.003364
19960703,-0.001798
19960705,-0.0225
19960708,-0.007481
19960709,0.003381
19960710,0.001999
19960711,-0.015964
19960712,0.000805
19960715,-0.025691
19960716,-0.002273
19960717,0.00903
19960718,0.014856
19960719,-0.007533
19960722,-0.007796
19960723,-0.010947
19960724,-0.000351
19960725,0.007187
19960726,0.007466
19960729,-0.007878
19960730,0.006871
19960731,0.007356
19960801,0.015613
19960802,0.019002
19960805,-0.003417
19960806,0.003251
19960807,0.002684
19960808,-0.002367
19960809,-0.00074
19960812,0.005528
19960813,-0.008401
19960814,0.002798
19960815,0.000347
19960816,0.004414
19960819,0.002057
19960820,-0.001336
19960821,-0.000932
19960822,0.0084
19960823,-0.005457
19960826,-0.004734
19960827,0.003789
19960828,-0.002389
19960829,-0.011209
19960830,-0.008263
19960903,0.004178
19960904,0.001358
19960905,-0.009456
19960906,0.009562
19960909,0.012248
19960910,0.000075
19960911,0.005214
19960912,0.005783
19960913,0.013894
19960916,0.005042
19960917,-0.001522
19960918,-0.002155
19960919,0.002243
19960920,0.005883
19960923,-0.000801
19960924,-0.001268
19960925,0.000321
19960926,0.000044
19960927,0.000481
19960930,0.00166
19961001,0.002543
19961002,0.007129
19961003,-0.001774
19961004,0.012451
19961007,0.002677
19961008,-0.003846
19961009,-0.005582
19961010,-0.003062
19961011,0.008672
19961014,0.004102
19961015,-0.00138
19961016,0.002616
19961017,0.003656
19961018,0.005403
19961021,-0.001366
19961022,-0.004631
19961023,0.00099
19961024,-0.007066
19961025,-0.001953
19961028,-0.005235
19961029,0.006063
19961030,-0.000856
19961031,0.006215
19961101,-0.002129
19961104,0.004197
19961105,0.01043
19961106,0.014527
19961107,0.004214
19961108,0.004347
19961111,0.001436
19961112,-0.003161
19961113,0.00215
19961114,0.006476
19961115,0.002362
19961118,-0.000814
19961119,0.00695
19961120,0.002409
19961121,-0.001614
19961122,0.008019
19961125,0.011024
19961126,-0.001414
19961127,-0.001271
19961129,0.002672
19961202,-0.000608
19961203,-0.011005
19961204,-0.004259
19961205,-0.000967
19961206,-0.006442
19961209,0.013644
19961210,-0.002965
19961211,-0.009152
19961212,-0.015551
19961213,-0.000905
19961216,-0.010568
19961217,0.006994
19961218,0.007547
19961219,0.019252
19961220,0.004162
19961223,-0.002607
19961224,0.005488
19961226,0.006358
19961227,0.001283
19961230,-0.003892
19961231,-0.017544
19970102,-0.005048
19970103,0.014842
19970106,-0.000508
19970107,0.007436
19970108,-0.00642
19970109,0.008568
19970110,0.006141
19970113,0.000013
19970114,0.012235
19970115,-0.002161
19970116,0.003318
19970117,0.008306
19970120,0.000683
19970121,0.007721
19970122,0.004474
19970123,-0.011089
19970124,-0.009095
19970127,-0.007164
19970128,0
19970129,0.00973
19970130,0.014994
19970131,0.002535
19970203,0.000725
19970204,0.003211
19970205,-0.014009
19970206,0.0024
19970207,0.01199
19970210,-0.005244
19970211,0.005282
19970212,0.016554
19970213,0.01121
19970214,-0.004123
19970218,0.009614
19970219,-0.004666
19970220,-0.011998
19970221,-0.001284
19970224,0.010558
19970225,0.002157
19970226,-0.007851
19970227,-0.013256
19970228,-0.00536
19970303,0.005662
19970304,-0.005497
19970305,0.013861
19970306,-0.004286
19970307,0.007995
19970310,0.010725
19970311,-0.002843
19970312,-0.008765
19970313,-0.018447
19970314,0.004562
19970317,0.003197
19970318,-0.007632
19970319,-0.004938
19970320,-0.003979
19970321,0.001851
19970324,0.008622
19970325,-0.002304
19970326,0.001811
19970327,-0.021249
19970331,-0.021895
19970401,0.003323
19970402,-0.012625
19970403,0.00028
19970404,0.010052
19970407,0.005566
19970408,0.005222
19970409,-0.007231
19970410,-0.002976
19970411,-0.027662
19970414,0.008209
19970415,0.014669
19970416,0.011606
19970417,-0.002308
19970418,0.005981
19970421,-0.007821
19970422,0.018555
19970423,-0.001253
19970424,-0.003185
19970425,-0.007562
19970428,0.009868
19970429,0.026919
19970430,0.009139
19970501,-0.003513
19970502,0.017922
19970505,0.021081
19970506,-0.003052
19970507,-0.014775
19970508,0.005673
19970509,0.005495
19970512,0.015496
19970513,-0.005423
19970514,0.003487
19970515,0.006961
19970516,-0.014513
19970519,0.004233
19970520,0.010018
19970521,-0.002748
19970522,-0.004406
19970523,0.013514
19970527,0.003159
19970528,-0.002947
19970529,-0.003701
19970530,0.004963
19970602,-0.002266
19970603,-0.00104
19970604,-0.006372
19970605,0.003944
19970606,0.017139
19970609,0.005695
19970610,0.002731
19970611,0.004957
19970612,0.015847
19970613,0.011043
19970616,0.000705
19970617,0.000582
19970618,-0.006011
19970619,0.009994
19970620,0.00079
19970623,-0.022597
19970624,0.019967
19970625,-0.008234
19970626,-0.005991
19970627,0.004088
19970630,-0.002437
19970701,0.006632
19970702,0.014484
19970703,0.014158
19970707,-0.005161
19970708,0.007155
19970709,-0.012276
19970710,0.006852
19970711,0.003169
19970714,0.001853
19970715,0.008004
19970716,0.011631
19970717,-0.005331
19970718,-0.017662
19970721,-0.002582
19970722,0.022785
19970723,0.002759
19970724,0.003985
19970725,-0.001607
19970728,-0.002496
19970729,0.006217
19970730,0.010557
19970731,0.002119
19970801,-0.007542
19970804,0.003331
19970805,0.002176
19970806,0.008313
19970807,-0.009553
19970808,-0.01873
19970811,0.003699
19970812,-0.011237
19970813,-0.00488
19970814,0.002978
19970815,-0.026251
19970818,0.012883
19970819,0.014708
19970820,0.014303
19970821,-0.01534
19970822,-0.001634
19970825,-0.003667
19970826,-0.00779
19970827,0.000745
19970828,-0.011038
19970829,-0.004659
19970902,0.030773
19970903,0.000302
19970904,0.003239
19970905,-0.001957
19970908,0.002312
19970909,0.002595
19970910,-0.015751
19970911,-0.007032
19970912,0.012328
19970915,-0.004491
19970916,0.027738
19970917,-0.002796
19970918,0.004539
19970919,0.003393
19970922,0.005163
19970923,-0.00367
19970924,-0.007857
19970925,-0.006981
19970926,0.007764
19970929,0.008554
19970930,-0.006377
19971001,0.008546
19971002,0.005272
19971003,0.004747
19971006,0.007906
19971007,0.010666
19971008,-0.009484
19971009,-0.003312
19971010,-0.003757
19971013,0.001158
19971014,0.002249
19971015,-0.004711
19971016,-0.010901
19971017,-0.011677
19971020,0.012054
19971021,0.017294
19971022,-0.003906
19971023,-0.01855
19971024,-0.009565
19971027,-0.071127
19971028,0.049887
19971029,-0.002922
19971030,-0.016985
19971031,0.012033
19971103,0.026296
19971104,0.001883
19971105,0.002124
19971106,-0.00503
19971107,-0.011278
19971110,-0.006902
19971111,0.002873
19971112,-0.019479
19971113,0.011741
19971114,0.012672
19971117,0.019045
19971118,-0.008459
19971119,0.006756
19971120,0.015119
19971121,0.004277
19971124,-0.017196
19971125,0.004374
19971126,0.000862
19971128,0.003943
19971201,0.020071
19971202,-0.003175
19971203,0.005225
19971204,-0.003764
19971205,0.010926
19971208,-0.001444
19971209,-0.006731
19971210,-0.006158
19971211,-0.015431
19971212,-0.001624
19971215,0.010434
19971216,0.004815
19971217,-0.002586
19971218,-0.010662
19971219,-0.008959
19971222,0.007282
19971223,-0.015395
19971224,-0.00687
19971226,0.004023
19971229,0.017875
19971230,0.01818
19971231,-0.000422
19980102,0.004739
19980105,0.00208
19980106,-0.010794
19980107,-0.002673
19980108,-0.008281
19980109,-0.030113
19980112,0.012341
19980113,0.013652
19980114,0.006094
19980115,-0.007555
19980116,0.011275
19980120,0.017618
19980121,-0.007992
19980122,-0.008036
19980123,-0.005675
19980126,-0.000669
19980127,0.012534
19980128,0.008672
19980129,0.008182
19980130,-0.005301
19980202,0.021186
19980203,0.004713
19980204,0.000894
19980205,-0.003343
19980206,0.008849
19980209,-0.0017
19980210,0.008149
19980211,0.000981
19980212,0.004041
19980213,-0.003962
19980217,0.002614
19980218,0.009071
19980219,-0.003689
19980220,0.00575
19980223,0.003793
19980224,-0.007328
19980225,0.011903
19980226,0.005517
19980227,0.000639
19980302,-0.001564
19980303,0.004115
19980304,-0.004468
19980305,-0.011794
19980306,0.019745
19980309,-0.003207
19980310,0.011283
19980311,0.003957
19980312,0.001356
19980313,-0.001225
19980316,0.009926
19980317,0.001093
19980318,0.004682
19980319,0.00388
19980320,0.008607
19980323,-0.00329
19980324,0.009177
19980325,-0.00337
19980326,-0.001026
19980327,-0.004881
19980330,-0.001681
19980331,0.007425
19980401,0.005792
19980402,0.010646
19980403,0.002399
19980406,-0.001176
19980407,-0.010606
19980408,-0.007145
19980409,0.008154
19980413,-0.000883
19980414,0.005446
19980415,0.003195
19980416,-0.010011
19980417,0.013044
19980420,0.000828
19980421,0.002684
19980422,0.003429
19980423,-0.009742
19980424,-0.010487
19980427,-0.019468
19980428,-0.001317
19980429,0.008726
19980430,0.015528
19980501,0.008286
19980504,0.000954
19980505,-0.005872
19980506,-0.00953
19980507,-0.008891
19980508,0.011801
19980511,-0.001355
19980512,0.008234
19980513,0.002748
19980514,-0.001333
19980515,-0.007762
19980518,-0.002628
19980519,0.00334
19980520,0.008562
19980521,-0.003958
19980522,-0.003748
19980526,-0.014924
19980527,-0.001638
19980528,0.004905
19980529,-0.006196
19980601,0.000147
19980602,0.002051
19980603,-0.009642
19980604,0.011113
19980605,0.017232
19980608,0.001668
19980609,0.002408
19980610,-0.005496
19980611,-0.016041
19980612,0.003884
19980615,-0.020066
19980616,0.009776
19980617,0.017789
19980618,-0.000669
19980619,-0.005183
19980622,0.002323
19980623,0.014649
19980624,0.01189
19980625,-0.003183
19980626,0.003465
19980629,0.004657
19980630,-0.004093
19980701,0.012899
19980702,-0.001865
19980706,0.009472
19980707,-0.00231
19980708,0.010099
19980709,-0.006727
19980710,0.004968
19980713,0.000738
19980714,0.010577
19980715,-0.002355
19980716,0.007784
19980717,0.002328
19980720,-0.002235
19980721,-0.016202
19980722,-0.00085
19980723,-0.021122
19980724,0.000921
19980727,0.005655
19980728,-0.014955
19980729,-0.00446
19980730,0.015643
19980731,-0.019686
19980803,-0.007371
19980804,-0.036918
19980805,0.008646
19980806,0.007554
19980807,-0.000165
19980810,-0.005809
19980811,-0.013159
19980812,0.014156
19980813,-0.008624
19980814,-0.011377
19980817,0.019494
19980818,0.016047
19980819,-0.002856
19980820,-0.0059
19980821,-0.009536
19980824,0.006361
19980825,0.004319
19980826,-0.007956
19980827,-0.039125
19980828,-0.01493
19980831,-0.070438
19980901,0.037903
19980902,-0.003809
19980903,-0.008334
19980904,-0.008558
19980908,0.049646
19980909,-0.017008
19980910,-0.02619
19980911,0.029028
19980914,0.020268
19980915,0.007701
19980916,0.007489
19980917,-0.025782
19980918,0.001197
19980921,0.003718
19980922,0.00559
19980923,0.034798
19980924,-0.022165
19980925,0.001945
19980928,0.003764
19980929,0.000315
19980930,-0.030989
19981001,-0.03057
19981002,0.0163
19981005,-0.014103
19981006,-0.004024
19981007,-0.014228
19981008,-0.011647
19981009,0.025672
19981012,0.01344
19981013,-0.002921
19981014,0.010728
19981015,0.040882
19981016,0.008489
19981019,0.005635
19981020,0.001449
19981021,0.005614
19981022,0.007969
19981023,-0.007268
19981026,0.00154
19981027,-0.006531
19981028,0.002578
19981029,0.016565
19981030,0.011664
19981102,0.0117
19981103,-0.000684
19981104,0.007024
19981105,0.013478
19981106,0.006295
19981109,-0.009519
19981110,-0.001718
19981111,-0.006482
19981112,-0.00293
19981113,0.007159
19981116,0.008976
19981117,0.003033
19981118,0.004519
19981119,0.007079
19981120,0.009447
19981123,0.020972
19981124,-0.004403
19981125,0.003274
19981127,0.00459
19981130,-0.024365
19981201,0.009962
19981202,-0.003435
19981203,-0.018188
19981204,0.022864
19981207,0.009271
19981208,-0.005335
19981209,0.001784
19981210,-0.015729
19981211,0.001235
19981214,-0.021893
19981215,0.018776
19981216,-0.000766
19981217,0.015406
19981218,0.006799
19981221,0.012389
19981222,0.000607
19981223,0.020534
19981224,-0.001849
19981228,-0.000636
19981229,0.013229
19981230,-0.007988
19981231,-0.002194
19990104,-0.00092
19990105,0.013491
19990106,0.021899
19990107,-0.002053
19990108,0.004212
19990111,-0.00883
19990112,-0.01947
19990113,-0.004131
19990114,-0.018156
19990115,0.025308
19990119,0.007005
19990120,0.003683
19990121,-0.017225
19990122,-0.008105
19990125,0.007149
19990126,0.014745
19990127,-0.007325
19990128,0.0177
19990129,0.011214
19990201,-0.005202
19990202,-0.008686
19990203,0.007956
19990204,-0.018711
19990205,-0.007307
19990208,0.00352
19990209,-0.022465
19990210,0.006075
19990211,0.024614
19990212,-0.01925
19990216,0.009498
19990217,-0.01447
19990218,0.010767
19990219,0.001567
19990222,0.026218
19990223,-0.000755
19990224,-0.014078
19990225,-0.006716
19990226,-0.005388
19990301,-0.001754
19990302,-0.008661
19990303,0.001794
19990304,0.015309
19990305,0.022863
19990308,0.005676
19990309,-0.002256
19990310,0.005455
19990311,0.008388
19990312,-0.002384
19990315,0.009739
19990316,-0.000673
19990317,-0.006574
19990318,0.014329
19990319,-0.013197
19990322,-0.001756
19990323,-0.027253
19990324,0.005097
19990325,0.016728
19990326,-0.005589
19990329,0.021112
19990330,-0.007216
19990331,-0.011117
19990401,0.005697
19990405,0.020958
19990406,-0.002448
19990407,0.006806
19990408,0.012798
19990409,0.003246
19990412,0.007595
19990413,-0.006506
19990414,-0.015966
19990415,-0.004217
19990416,-0.002915
19990419,-0.022635
19990420,0.01286
19990421,0.022671
19990422,0.016847
19990423,-0.001451
19990426,0.002348
19990427,0.002027
19990428,-0.008763
19990429,-0.005999
19990430,-0.005713
19990503,0.014462
19990504,-0.016847
19990505,0.011428
19990506,-0.011391
19990507,0.009675
19990510,-0.003501
19990511,0.011358
19990512,0.00617
19990513,0.002607
19990514,-0.022002
19990517,0.001262
19990518,-0.004617
19990519,0.008149
19990520,-0.004025
19990521,-0.006399
19990524,-0.01793
19990525,-0.017175
19990526,0.015727
19990527,-0.018058
19990528,0.015818
19990601,-0.00584
19990602,0.000425
19990603,0.003646
19990604,0.021475
19990607,0.005086
19990608,-0.012965
19990609,0.000994
19990610,-0.01207
19990611,-0.007071
19990614,0.000278
19990615,0.005518
19990616,0.022231
19990617,0.007108
19990618,0.002192
19990621,0.004577
19990622,-0.009773
19990623,-0.002113
19990624,-0.013047
19990625,-0.000357
19990628,0.012121
19990629,0.014985
19990630,0.015609
19990701,0.005992
19990702,0.007402
19990706,-0.002231
19990707,0.00556
19990708,-0.001032
19990709,0.006334
19990712,-0.002983
19990713,-0.003968
19990714,0.003303
19990715,0.008156
19990716,0.006477
19990719,-0.007876
19990720,-0.021942
19990721,0.001589
19990722,-0.013371
19990723,-0.002966
19990726,-0.006788
19990727,0.011127
19990728,0.001877
19990729,-0.018009
19990730,-0.009222
19990802,-0.000504
19990803,-0.00443
19990804,-0.012826
19990805,0.006399
19990806,-0.010268
19990809,-0.001917
19990810,-0.012694
19990811,0.015871
19990812,-0.0029
19990813,0.022485
19990816,0.002325
19990817,0.010012
19990818,-0.008457
19990819,-0.006964
19990820,0.009789
19990823,0.01751
19990824,0.002408
19990825,0.013325
19990826,-0.014418
19990827,-0.010139
19990830,-0.01815
19990831,-0.00273
19990901,0.008041
19990902,-0.009026
19990903,0.028496
19990907,-0.005015
19990908,-0.004676
19990909,0.002608
19990910,0.002964
19990913,-0.005587
19990914,-0.00585
19990915,-0.013804
19990916,0.000387
19990917,0.012766
19990920,0.000082
19990921,-0.02115
19990922,0.002238
19990923,-0.023236
19990924,-0.002385
19990927,0.004647
19990928,-0.000865
19990929,-0.010845
19990930,0.011242
19991001,0.000078
19991004,0.016843
19991005,-0.002494
19991006,0.018312
19991007,-0.005872
19991008,0.013853
19991011,-0.000606
19991012,-0.016744
19991013,-0.021158
19991014,-0.001658
19991015,-0.028459
19991018,0.005373
19991019,0.005717
19991020,0.022041
19991021,-0.004524
19991022,0.013956
19991025,-0.00618
19991026,-0.009101
19991027,0.011479
19991028,0.034659
19991029,0.015148
19991101,-0.006485
19991102,-0.004723
19991103,0.005321
19991104,0.005674
19991105,0.005555
19991108,0.004936
19991109,-0.008555
19991110,0.005974
19991111,0.005808
19991112,0.010513
19991115,-0.001197
19991116,0.018249
19991117,-0.006613
19991118,0.010037
19991119,-0.002065
19991122,-0.000746
19991123,-0.011538
19991124,0.008817
19991126,-0.000325
19991129,-0.006224
19991130,-0.013415
19991201,0.006208
19991202,0.008066
19991203,0.017071
19991206,-0.00698
19991207,-0.009998
19991208,-0.003761
19991209,0.003009
19991210,0.006322
19991213,-0.001285
19991214,-0.008551
19991215,0.007215
19991216,0.003849
19991217,0.001585
19991220,-0.002071
19991221,0.010759
19991222,0.001784
19991223,0.015444
19991227,-0.000851
19991228,0.000384
19991229,0.003971
19991230,0.00069
19991231,0.003259
